First Name,Last Name,Email,Phone Number,Job Title,Company Name,LinkedIn URL
Clara,Nyberg,clara.nyberg@merrow.example,+1 555 0157,VP Marketing,"Merrow Analytics",
Rania,Ellis,rania.ellis@fairbank.example,,,"Fairbank Group",
Mia,Sorensen,mia.sorensen@ridgeline.example,,Account Executive,"Ridgeline Software",https://linkedin.com/in/mia-sorensen-3
Bruno,Lindqvist,,+1 555 0176,,"Northwind Trading",
Clara,Reyes,clara.reyes@vertex.example,,RevOps Manager,"Vertex Retail",
Diego,Osei,diego.osei@merrow.example,+1 555 0190,,"Merrow Analytics",https://linkedin.com/in/diego-osei-6
Rania,Rossi,,+1 555 0151,,"Northwind Trading",
Zoe,Bennett,,+1 555 0106,Customer Success Lead,"Northwind Trading",
Talia,Bianchi,talia.bianchi@vertex.example,,,"Vertex Retail",
Nora,Whitfield,,,,"Acme, Inc",
Sven,Silva,,,Account Executive,"Merrow Analytics",
Maya,Moreau,maya.moreau@ridgeline.example,,,"Ridgeline Software",https://linkedin.com/in/maya-moreau-12
Mateo,Rossi,,,RevOps Manager,"Northwind Trading",
Hugo,Duarte,hugo.duarte@halcyon.example,+1 555 0142,Customer Success Lead,"Halcyon Freight",
Ethan,Duarte,ethan.duarte@fairbank.example,,Director of Demand Gen,"Fairbank Group",
Mateo,Ellis,,,Founder,"Fairbank Group",https://linkedin.com/in/mateo-ellis-16
Jamal,Novak,,,Customer Success Lead,"Vertex Retail",https://linkedin.com/in/jamal-novak-17
Ingrid,Lindqvist,,,Founder,"Ridgeline Software",
Felix,Feld,felix.feld@ridgeline.example,,,"Ridgeline Software",
Zoe,Kaur,zoe.kaur@vertex.example,,RevOps Manager,"Vertex Retail",
Marc,Lambert,,,,"Northwind Trading",
Freya,Vance,freya.vance@merrow.example,,Director of Demand Gen,"Merrow Analytics",https://linkedin.com/in/freya-vance-22
Bruno,Reyes,bruno.reyes@blue.example,+1 555 0160,Founder,"Blue Harbor Labs",https://linkedin.com/in/bruno-reyes-23
Noah,Sorensen,noah.sorensen@acme.example,+1 555 0140,,"Acme, Inc",
Clara,Nowak,clara.nowak@pine.example,+1 555 0194,Account Executive,"Pine & Rowe",https://linkedin.com/in/clara-nowak-25
Tomas,Vance,tomas.vance@acme.example,+1 555 0153,Head of Sales,"Acme, Inc",https://linkedin.com/in/tomas-vance-26
Talia,Bennett,talia.bennett@fairbank.example,,,"Fairbank Group",
Ethan,Bianchi,ethan.bianchi@acme.example,+1 555 0193,,"Acme, Inc",https://linkedin.com/in/ethan-bianchi-28
Mateo,Marchetti,mateo.marchetti@halcyon.example,,Partnerships Manager,"Halcyon Freight",
Ingrid,Lindqvist,,+1 555 0114,Director of Demand Gen,"Halcyon Freight",
Ava,Vance,,,SDR,"Cobalt Health",https://linkedin.com/in/ava-vance-31
Clara,Ellis,clara.ellis@vertex.example,,,"Vertex Retail",
Sana,Ferreira,sana.ferreira@vertex.example,,,"Vertex Retail",
Sven,Vance,sven.vance@northwind.example,+1 555 0135,RevOps Manager,"Northwind Trading",
Diego,Sandoval,diego.sandoval@vertex.example,,SDR,"Vertex Retail",https://linkedin.com/in/diego-sandoval-35
Jamal,Marchetti,,,Head of Sales,"Pine & Rowe",https://linkedin.com/in/jamal-marchetti-36
Diego,Reyes,diego.reyes@pine.example,+1 555 0102,Customer Success Lead,"Pine & Rowe",
Noah,Whitfield,noah.whitfield@cobalt.example,,,"Cobalt Health",https://linkedin.com/in/noah-whitfield-38
Clara,Moreau,clara.moreau@merrow.example,+1 555 0109,VP Marketing,"Merrow Analytics",https://linkedin.com/in/clara-moreau-39
Priya,Silva,priya.silva@northwind.example,,,"Northwind Trading",
Leila,Nowak,leila.nowak@merrow.example,+1 555 0120,VP Marketing,"Merrow Analytics",
Maya,Kaur,maya.kaur@halcyon.example,,Customer Success Lead,"Halcyon Freight",
Rania,Ibrahim,rania.ibrahim@pine.example,,,"Pine & Rowe",https://linkedin.com/in/rania-ibrahim-43
Omar,Duarte,omar.duarte@vertex.example,+1 555 0139,SDR,"Vertex Retail",
Noah,Vance,,,Founder,"Merrow Analytics",
Noah,Duarte,noah.duarte@acme.example,,Account Executive,"Acme, Inc",
Bruno,Ferreira,bruno.ferreira@merrow.example,,Director of Demand Gen,"Merrow Analytics",
Ethan,Whitfield,ethan.whitfield@vertex.example,,Partnerships Manager,"Vertex Retail",https://linkedin.com/in/ethan-whitfield-48
Bruno,Tanaka,bruno.tanaka@merrow.example,,VP Marketing,"Merrow Analytics",
Hugo,Nowak,hugo.nowak@merrow.example,,RevOps Manager,"Merrow Analytics",
Ingrid,Bergman,ingrid.bergman@northwind.example,,Partnerships Manager,"Northwind Trading",https://linkedin.com/in/ingrid-bergman-51
Talia,Moreau,,,Director of Demand Gen,"Halcyon Freight",
Felix,Feld,felix.feld@vertex.example,,Director of Demand Gen,"Vertex Retail",
Iris,Duarte,iris.duarte@ridgeline.example,+1 555 0116,Head of Sales,"Ridgeline Software",
Hugo,Novak,hugo.novak@northwind.example,,Director of Demand Gen,"Northwind Trading",
Mateo,Moreau,mateo.moreau@merrow.example,+1 555 0189,Customer Success Lead,"Merrow Analytics",
Nora,Castellano,nora.castellano@merrow.example,,Partnerships Manager,"Merrow Analytics",https://linkedin.com/in/nora-castellano-57
Bruno,Duarte,bruno.duarte@merrow.example,+1 555 0129,SDR,"Merrow Analytics",https://linkedin.com/in/bruno-duarte-58
Anya,Sorensen,anya.sorensen@pine.example,,VP Marketing,"Pine & Rowe",https://linkedin.com/in/anya-sorensen-59
Lena,Ferreira,,,Customer Success Lead,"Vertex Retail",https://linkedin.com/in/lena-ferreira-60
Nora,Nowak,,,RevOps Manager,"Blue Harbor Labs",
Leila,Sandoval,,,Partnerships Manager,"Pine & Rowe",https://linkedin.com/in/leila-sandoval-62
Sana,Ibrahim,sana.ibrahim@acme.example,,Partnerships Manager,"Acme, Inc",https://linkedin.com/in/sana-ibrahim-63
Amara,Kaur,,,Founder,"Vertex Retail",https://linkedin.com/in/amara-kaur-64
Iris,Reyes,,,,"Northwind Trading",
Felix,Marchetti,felix.marchetti@ridgeline.example,,Head of Sales,"Ridgeline Software",https://linkedin.com/in/felix-marchetti-66
Mia,Nyberg,,,Customer Success Lead,"Vertex Retail",https://linkedin.com/in/mia-nyberg-67
Ingrid,Silva,ingrid.silva@acme.example,,Customer Success Lead,"Acme, Inc",
Sana,Tanaka,sana.tanaka@fairbank.example,+1 555 0133,,"Fairbank Group",
Nina,Castellano,,,SDR,"Ridgeline Software",https://linkedin.com/in/nina-castellano-70
Theo,Bergman,theo.bergman@vertex.example,,Director of Demand Gen,"Vertex Retail",
Leila,Bianchi,,,Founder,"Fairbank Group",
Felix,Reyes,felix.reyes@blue.example,,VP Marketing,"Blue Harbor Labs",https://linkedin.com/in/felix-reyes-73
Felix,Reyes,,,,"Northwind Trading",
Rania,Okafor,rania.okafor@vertex.example,,,"Vertex Retail",
Tomas,Nowak,tomas.nowak@merrow.example,+1 555 0172,RevOps Manager,"Merrow Analytics",https://linkedin.com/in/tomas-nowak-76
Zoe,Nowak,zoe.nowak@fairbank.example,+1 555 0149,Account Executive,"Fairbank Group",
Nina,Nyberg,nina.nyberg@halcyon.example,,Director of Demand Gen,"Halcyon Freight",
Bruno,Bergman,bruno.bergman@fairbank.example,,Founder,"Fairbank Group",
Freya,Adeyemi,,+1 555 0174,,"Cobalt Health",
Maya,Okafor,maya.okafor@pine.example,,SDR,"Pine & Rowe",
Elif,Osei,elif.osei@halcyon.example,+1 555 0105,Director of Demand Gen,"Halcyon Freight",
Jonas,Sorensen,,,,"Acme, Inc",https://linkedin.com/in/jonas-sorensen-83
Leila,Tanaka,,,Director of Demand Gen,"Blue Harbor Labs",https://linkedin.com/in/leila-tanaka-84
Mateo,Adeyemi,mateo.adeyemi@ridgeline.example,+1 555 0117,Account Executive,"Ridgeline Software",
Omar,Tanaka,omar.tanaka@cobalt.example,,Founder,"Cobalt Health",https://linkedin.com/in/omar-tanaka-86
Talia,Kovac,,,,"Fairbank Group",https://linkedin.com/in/talia-kovac-87
Rania,Bianchi,rania.bianchi@vertex.example,,,"Vertex Retail",
Idris,Bennett,,,,"Fairbank Group",https://linkedin.com/in/idris-bennett-89
Nina,Nowak,nina.nowak@vertex.example,,VP Marketing,"Vertex Retail",
Sven,Lambert,sven.lambert@blue.example,,,"Blue Harbor Labs",https://linkedin.com/in/sven-lambert-91
Jamal,Castellano,jamal.castellano@vertex.example,+1 555 0149,SDR,"Vertex Retail",
Ingrid,Haddad,ingrid.haddad@cobalt.example,+1 555 0123,SDR,"Cobalt Health",https://linkedin.com/in/ingrid-haddad-93
Viktor,Ferreira,,,Director of Demand Gen,"Pine & Rowe",https://linkedin.com/in/viktor-ferreira-94
Viktor,Rossi,,,RevOps Manager,"Northwind Trading",https://linkedin.com/in/viktor-rossi-95
Sven,Lambert,sven.lambert@pine.example,,SDR,"Pine & Rowe",
Omar,Haddad,omar.haddad@halcyon.example,+1 555 0187,Director of Demand Gen,"Halcyon Freight",
Kwame,Marchetti,kwame.marchetti@pine.example,+1 555 0193,VP Marketing,"Pine & Rowe",
Ruben,Bennett,ruben.bennett@pine.example,,SDR,"Pine & Rowe",https://linkedin.com/in/ruben-bennett-99
Elsa,Kaur,elsa.kaur@fairbank.example,,Founder,"Fairbank Group",https://linkedin.com/in/elsa-kaur-100
Elif,Tanaka,elif.tanaka@northwind.example,,Customer Success Lead,"Northwind Trading",
Elsa,Rossi,,,SDR,"Merrow Analytics",
Hugo,Moreau,hugo.moreau@ridgeline.example,,Partnerships Manager,"Ridgeline Software",
Viktor,Bergman,viktor.bergman@pine.example,+1 555 0186,,"Pine & Rowe",
Zoe,Kovac,zoe.kovac@fairbank.example,,SDR,"Fairbank Group",https://linkedin.com/in/zoe-kovac-105
Maya,Castellano,maya.castellano@acme.example,+1 555 0181,,"Acme, Inc",
Ava,Ibrahim,ava.ibrahim@acme.example,,,"Acme, Inc",https://linkedin.com/in/ava-ibrahim-107
Maya,Adeyemi,maya.adeyemi@blue.example,,Founder,"Blue Harbor Labs",https://linkedin.com/in/maya-adeyemi-108
Liam,Ellis,liam.ellis@cobalt.example,,,"Cobalt Health",https://linkedin.com/in/liam-ellis-109
Liam,Whitfield,,,SDR,"Halcyon Freight",
Theo,Vance,theo.vance@vertex.example,,Partnerships Manager,"Vertex Retail",
Theo,Ferreira,theo.ferreira@cobalt.example,+1 555 0139,Partnerships Manager,"Cobalt Health",
Priya,Ellis,priya.ellis@ridgeline.example,,RevOps Manager,"Ridgeline Software",
Elif,Bergman,,,Partnerships Manager,"Northwind Trading",https://linkedin.com/in/elif-bergman-114
Diego,Ibrahim,diego.ibrahim@northwind.example,,,"Northwind Trading",
Ruben,Marchetti,ruben.marchetti@vertex.example,,,"Vertex Retail",
Anya,Kaur,anya.kaur@cobalt.example,+1 555 0116,Founder,"Cobalt Health",
Liam,Kaur,liam.kaur@fairbank.example,,Account Executive,"Fairbank Group",https://linkedin.com/in/liam-kaur-118
Ethan,Vance,ethan.vance@cobalt.example,,Director of Demand Gen,"Cobalt Health",
Mateo,Nowak,mateo.nowak@merrow.example,+1 555 0153,,"Merrow Analytics",https://linkedin.com/in/mateo-nowak-120
Clara,Duarte,clara.duarte@northwind.example,,,"Northwind Trading",https://linkedin.com/in/clara-duarte-121
Kwame,Haddad,kwame.haddad@cobalt.example,,RevOps Manager,"Cobalt Health",
Lena,Moreau,lena.moreau@ridgeline.example,+1 555 0115,Head of Sales,"Ridgeline Software",https://linkedin.com/in/lena-moreau-123
Amara,Novak,amara.novak@cobalt.example,,,"Cobalt Health",https://linkedin.com/in/amara-novak-124
Marc,Ferreira,,,Founder,"Fairbank Group",https://linkedin.com/in/marc-ferreira-125
Felix,Nowak,felix.nowak@acme.example,,SDR,"Acme, Inc",
Diego,Reyes,diego.reyes@halcyon.example,,RevOps Manager,"Halcyon Freight",
Jamal,Moreau,jamal.moreau@blue.example,,,"Blue Harbor Labs",
Viktor,Reyes,,,Customer Success Lead,"Acme, Inc",
Zoe,Haddad,zoe.haddad@ridgeline.example,,,"Ridgeline Software",
Maya,Ellis,maya.ellis@pine.example,,SDR,"Pine & Rowe",https://linkedin.com/in/maya-ellis-131
Jonas,Adeyemi,jonas.adeyemi@fairbank.example,,,"Fairbank Group",
Maya,Duarte,maya.duarte@merrow.example,,,"Merrow Analytics",https://linkedin.com/in/maya-duarte-134
Priya,Whitfield,priya.whitfield@merrow.example,,Partnerships Manager,"Merrow Analytics",
Talia,Kovac,talia.kovac@vertex.example,,VP Marketing,"Vertex Retail",
Noah,Bianchi,noah.bianchi@vertex.example,,Customer Success Lead,"Vertex Retail",https://linkedin.com/in/noah-bianchi-137
Tomas,Lindqvist,tomas.lindqvist@pine.example,+1 555 0157,Account Executive,"Pine & Rowe",
Talia,Nowak,talia.nowak@merrow.example,,,"Merrow Analytics",https://linkedin.com/in/talia-nowak-139
Tomas,Sorensen,,+1 555 0136,SDR,"Blue Harbor Labs",
Talia,Vance,,,,"Blue Harbor Labs",
Theo,Ibrahim,theo.ibrahim@blue.example,,Customer Success Lead,"Blue Harbor Labs",https://linkedin.com/in/theo-ibrahim-142
Noah,Silva,noah.silva@vertex.example,,RevOps Manager,"Vertex Retail",
Theo,Haddad,,,Head of Sales,"Merrow Analytics",https://linkedin.com/in/theo-haddad-144
Mia,Lambert,mia.lambert@blue.example,,,"Blue Harbor Labs",
Jamal,Sandoval,jamal.sandoval@fairbank.example,+1 555 0162,Director of Demand Gen,"Fairbank Group",https://linkedin.com/in/jamal-sandoval-146
Nora,Castellano,,,SDR,"Ridgeline Software",
Idris,Osei,idris.osei@northwind.example,,Customer Success Lead,"Northwind Trading",https://linkedin.com/in/idris-osei-148
Mateo,Ferreira,mateo.ferreira@acme.example,+1 555 0131,Customer Success Lead,"Acme, Inc",https://linkedin.com/in/mateo-ferreira-150
Amara,Kovac,amara.kovac@acme.example,,,"Acme, Inc",
Jonas,Ferreira,jonas.ferreira@acme.example,+1 555 0185,Partnerships Manager,"Acme, Inc",
Nina,Novak,nina.novak@ridgeline.example,+1 555 0112,Account Executive,"Ridgeline Software",
Elsa,Reyes,,,,"Halcyon Freight",
Zoe,Marchetti,zoe.marchetti@halcyon.example,,VP Marketing,"Halcyon Freight",
Noah,Marchetti,noah.marchetti@pine.example,,Director of Demand Gen,"Pine & Rowe",https://linkedin.com/in/noah-marchetti-156
Sana,Rossi,,+1 555 0145,Head of Sales,"Northwind Trading",
Kian,Duarte,kian.duarte@merrow.example,,Head of Sales,"Merrow Analytics",https://linkedin.com/in/kian-duarte-158
Kwame,Lambert,kwame.lambert@pine.example,,Account Executive,"Pine & Rowe",
Clara,Osei,,+1 555 0115,VP Marketing,"Acme, Inc",
Jonas,Tanaka,jonas.tanaka@cobalt.example,,RevOps Manager,"Cobalt Health",https://linkedin.com/in/jonas-tanaka-161
Elif,Rossi,elif.rossi@blue.example,,RevOps Manager,"Blue Harbor Labs",
Zoe,Marchetti,,+1 555 0100,Founder,"Merrow Analytics",
Idris,Ibrahim,,,VP Marketing,"Fairbank Group",
Kian,Bennett,kian.bennett@blue.example,,Director of Demand Gen,"Blue Harbor Labs",https://linkedin.com/in/kian-bennett-165
Mateo,Bergman,mateo.bergman@northwind.example,,,"Northwind Trading",
Ruben,Haddad,ruben.haddad@halcyon.example,,Partnerships Manager,"Halcyon Freight",https://linkedin.com/in/ruben-haddad-167
Elsa,Silva,elsa.silva@fairbank.example,,VP Marketing,"Fairbank Group",https://linkedin.com/in/elsa-silva-168
Kian,Whitfield,kian.whitfield@cobalt.example,+1 555 0130,,"Cobalt Health",
Mateo,Sorensen,mateo.sorensen@halcyon.example,,Head of Sales,"Halcyon Freight",
Theo,Haddad,theo.haddad@blue.example,,Partnerships Manager,"Blue Harbor Labs",
Priya,Nyberg,,+1 555 0172,VP Marketing,"Northwind Trading",https://linkedin.com/in/priya-nyberg-172
Liam,Rossi,,,Partnerships Manager,"Ridgeline Software",https://linkedin.com/in/liam-rossi-173
Mateo,Ellis,mateo.ellis@acme.example,,VP Marketing,"Acme, Inc",
Ingrid,Ibrahim,,,VP Marketing,"Halcyon Freight",https://linkedin.com/in/ingrid-ibrahim-175
Mia,Kaur,mia.kaur@halcyon.example,,,"Halcyon Freight",https://linkedin.com/in/mia-kaur-176
Bruno,Lambert,,,RevOps Manager,"Northwind Trading",
Kwame,Ellis,kwame.ellis@ridgeline.example,+1 555 0187,VP Marketing,"Ridgeline Software",
Omar,Nowak,omar.nowak@vertex.example,,,"Vertex Retail",
Jamal,Duarte,,,SDR,"Northwind Trading",
Mateo,Sandoval,mateo.sandoval@blue.example,,Customer Success Lead,"Blue Harbor Labs",
Liam,Duarte,liam.duarte@ridgeline.example,,Account Executive,"Ridgeline Software",
Felix,Duarte,felix.duarte@fairbank.example,,Account Executive,"Fairbank Group",https://linkedin.com/in/felix-duarte-183
Marc,Nowak,marc.nowak@ridgeline.example,,,"Ridgeline Software",https://linkedin.com/in/marc-nowak-184
Jamal,Bennett,,,VP Marketing,"Merrow Analytics",
Ruben,Okafor,ruben.okafor@blue.example,+1 555 0117,RevOps Manager,"Blue Harbor Labs",
Anya,Castellano,anya.castellano@ridgeline.example,+1 555 0148,,"Ridgeline Software",https://linkedin.com/in/anya-castellano-187
Bruno,Adeyemi,bruno.adeyemi@northwind.example,,VP Marketing,"Northwind Trading",
Ingrid,Kaur,,,Account Executive,"Northwind Trading",
Kian,Feld,kian.feld@pine.example,,,"Pine & Rowe",
Diego,Nowak,diego.nowak@halcyon.example,,VP Marketing,"Halcyon Freight",
Ruben,Vance,,,,"Fairbank Group",https://linkedin.com/in/ruben-vance-192
Talia,Bennett,talia.bennett@cobalt.example,,Partnerships Manager,"Cobalt Health",https://linkedin.com/in/talia-bennett-193
Omar,Whitfield,omar.whitfield@pine.example,,,"Pine & Rowe",
Felix,Ellis,felix.ellis@northwind.example,+1 555 0136,Founder,"Northwind Trading",
Felix,Duarte,felix.duarte@halcyon.example,,Partnerships Manager,"Halcyon Freight",
Tomas,Sandoval,tomas.sandoval@ridgeline.example,,,"Ridgeline Software",https://linkedin.com/in/tomas-sandoval-197
Kwame,Kovac,kwame.kovac@northwind.example,,Customer Success Lead,"Northwind Trading",
Maya,Ellis,maya.ellis@fairbank.example,+1 555 0132,,"Fairbank Group",
Anya,Ferreira,anya.ferreira@pine.example,,Account Executive,"Pine & Rowe",https://linkedin.com/in/anya-ferreira-200
Maya,Sorensen,maya.sorensen@pine.example,,VP Marketing,"Pine & Rowe",https://linkedin.com/in/maya-sorensen-201
Liam,Sorensen,liam.sorensen@merrow.example,,,"Merrow Analytics",https://linkedin.com/in/liam-sorensen-202
Clara,Bergman,,,Founder,"Ridgeline Software",
Amara,Bennett,amara.bennett@blue.example,,,"Blue Harbor Labs",
Bruno,Bennett,bruno.bennett@merrow.example,,Partnerships Manager,"Merrow Analytics",
Kian,Ferreira,kian.ferreira@pine.example,,,"Pine & Rowe",https://linkedin.com/in/kian-ferreira-206
Marc,Kovac,marc.kovac@ridgeline.example,+1 555 0120,,"Ridgeline Software",https://linkedin.com/in/marc-kovac-207
Sven,Ibrahim,sven.ibrahim@fairbank.example,,Partnerships Manager,"Fairbank Group",
Jonas,Vance,jonas.vance@pine.example,+1 555 0194,,"Pine & Rowe",
Zoe,Castellano,zoe.castellano@acme.example,,Partnerships Manager,"Acme, Inc",https://linkedin.com/in/zoe-castellano-210
Amara,Okafor,amara.okafor@blue.example,,SDR,"Blue Harbor Labs",
Rania,Lambert,rania.lambert@ridgeline.example,,SDR,"Ridgeline Software",
Marc,Castellano,marc.castellano@fairbank.example,,Account Executive,"Fairbank Group",https://linkedin.com/in/marc-castellano-213
Diego,Ibrahim,,,VP Marketing,"Blue Harbor Labs",https://linkedin.com/in/diego-ibrahim-214
Ava,Ellis,ava.ellis@fairbank.example,+1 555 0117,,"Fairbank Group",
Priya,Bianchi,priya.bianchi@ridgeline.example,,,"Ridgeline Software",
Omar,Nyberg,,,RevOps Manager,"Northwind Trading",
Noah,Castellano,noah.castellano@merrow.example,,,"Merrow Analytics",
Freya,Novak,freya.novak@ridgeline.example,,,"Ridgeline Software",
Marc,Nowak,marc.nowak@cobalt.example,,,"Cobalt Health",
Priya,Ferreira,priya.ferreira@halcyon.example,,Founder,"Halcyon Freight",
Hugo,Feld,hugo.feld@ridgeline.example,,SDR,"Ridgeline Software",
Kian,Okafor,,+1 555 0139,Head of Sales,"Blue Harbor Labs",
Nora,Ellis,nora.ellis@northwind.example,+1 555 0150,VP Marketing,"Northwind Trading",
Jamal,Feld,,,,"Cobalt Health",https://linkedin.com/in/jamal-feld-226
Talia,Castellano,,,,"Northwind Trading",
Zoe,Feld,,,,"Pine & Rowe",
Marc,Lindqvist,,,Director of Demand Gen,"Pine & Rowe",
Elsa,Castellano,elsa.castellano@acme.example,,Customer Success Lead,"Acme, Inc",
Jamal,Bennett,jamal.bennett@northwind.example,,SDR,"Northwind Trading",
Diego,Ibrahim,diego.ibrahim@pine.example,,,"Pine & Rowe",
Anya,Sorensen,anya.sorensen@acme.example,,,"Acme, Inc",
Lena,Nowak,lena.nowak@cobalt.example,,,"Cobalt Health",
Leila,Silva,,,,"Ridgeline Software",
Elsa,Castellano,,,,"Vertex Retail",https://linkedin.com/in/elsa-castellano-236
Mateo,Haddad,mateo.haddad@ridgeline.example,+1 555 0163,Account Executive,"Ridgeline Software",https://linkedin.com/in/mateo-haddad-237
Zoe,Adeyemi,zoe.adeyemi@ridgeline.example,,,"Ridgeline Software",
Ava,Kaur,ava.kaur@ridgeline.example,,SDR,"Ridgeline Software",https://linkedin.com/in/ava-kaur-239
Idris,Tanaka,idris.tanaka@fairbank.example,,Director of Demand Gen,"Fairbank Group",
Viktor,Osei,viktor.osei@ridgeline.example,,Head of Sales,"Ridgeline Software",
Mia,Tanaka,mia.tanaka@halcyon.example,,SDR,"Halcyon Freight",
Viktor,Haddad,viktor.haddad@cobalt.example,,Partnerships Manager,"Cobalt Health",
Lena,Whitfield,,,Account Executive,"Halcyon Freight",https://linkedin.com/in/lena-whitfield-244
Iris,Tanaka,iris.tanaka@cobalt.example,,SDR,"Cobalt Health",
Leila,Marchetti,leila.marchetti@vertex.example,+1 555 0125,VP Marketing,"Vertex Retail",
Kian,Marchetti,kian.marchetti@halcyon.example,,Head of Sales,"Halcyon Freight",https://linkedin.com/in/kian-marchetti-247
Kian,Ferreira,kian.ferreira@acme.example,,RevOps Manager,"Acme, Inc",
Leila,Nyberg,leila.nyberg@vertex.example,,,"Vertex Retail",
Jamal,Marchetti,,+1 555 0126,SDR,"Halcyon Freight",https://linkedin.com/in/jamal-marchetti-250
Sana,Nowak,sana.nowak@ridgeline.example,+1 555 0189,,"Ridgeline Software",https://linkedin.com/in/sana-nowak-251
Diego,Adeyemi,,,Account Executive,"Fairbank Group",https://linkedin.com/in/diego-adeyemi-252
Viktor,Okafor,viktor.okafor@blue.example,,SDR,"Blue Harbor Labs",
Ava,Lindqvist,ava.lindqvist@vertex.example,,,"Vertex Retail",
Hugo,Lindqvist,hugo.lindqvist@cobalt.example,+1 555 0152,,"Cobalt Health",
Omar,Moreau,omar.moreau@pine.example,,RevOps Manager,"Pine & Rowe",
Freya,Nyberg,freya.nyberg@acme.example,,Customer Success Lead,"Acme, Inc",
Nora,Sorensen,nora.sorensen@vertex.example,,Founder,"Vertex Retail",https://linkedin.com/in/nora-sorensen-258
Diego,Rossi,diego.rossi@northwind.example,,Account Executive,"Northwind Trading",https://linkedin.com/in/diego-rossi-259
Priya,Bergman,priya.bergman@ridgeline.example,,RevOps Manager,"Ridgeline Software",
Iris,Marchetti,,,SDR,"Vertex Retail",https://linkedin.com/in/iris-marchetti-261
Noah,Adeyemi,noah.adeyemi@blue.example,,SDR,"Blue Harbor Labs",
Ingrid,Okafor,ingrid.okafor@vertex.example,+1 555 0150,VP Marketing,"Vertex Retail",https://linkedin.com/in/ingrid-okafor-263
Omar,Okafor,omar.okafor@acme.example,,VP Marketing,"Acme, Inc",
Mateo,Duarte,mateo.duarte@halcyon.example,,RevOps Manager,"Halcyon Freight",
Jamal,Ibrahim,jamal.ibrahim@cobalt.example,+1 555 0160,RevOps Manager,"Cobalt Health",
Hugo,Bennett,hugo.bennett@pine.example,+1 555 0103,,"Pine & Rowe",
Kian,Nowak,kian.nowak@acme.example,,RevOps Manager,"Acme, Inc",
Jonas,Kaur,jonas.kaur@acme.example,,VP Marketing,"Acme, Inc",
Nora,Marchetti,nora.marchetti@northwind.example,,,"Northwind Trading",
Lena,Nyberg,lena.nyberg@acme.example,,,"Acme, Inc",
Theo,Osei,theo.osei@fairbank.example,+1 555 0115,Head of Sales,"Fairbank Group",
Omar,Lambert,,,,"Ridgeline Software",
Kwame,Sandoval,kwame.sandoval@merrow.example,+1 555 0105,Founder,"Merrow Analytics",
Priya,Nowak,priya.nowak@acme.example,,VP Marketing,"Acme, Inc",https://linkedin.com/in/priya-nowak-275
Kian,Kaur,kian.kaur@fairbank.example,+1 555 0112,Founder,"Fairbank Group",
Ingrid,Feld,ingrid.feld@vertex.example,,SDR,"Vertex Retail",https://linkedin.com/in/ingrid-feld-277
Tomas,Marchetti,,+1 555 0107,,"Acme, Inc",
Anya,Bergman,anya.bergman@vertex.example,+1 555 0104,,"Vertex Retail",
Elif,Tanaka,elif.tanaka@merrow.example,,RevOps Manager,"Merrow Analytics",
Mateo,Vance,mateo.vance@vertex.example,,Founder,"Vertex Retail",
Mateo,Okafor,,,SDR,"Pine & Rowe",
Ethan,Duarte,ethan.duarte@cobalt.example,+1 555 0154,SDR,"Cobalt Health",
Freya,Reyes,,+1 555 0132,,"Acme, Inc",
Hugo,Ibrahim,hugo.ibrahim@cobalt.example,,Head of Sales,"Cobalt Health",
Ethan,Nowak,ethan.nowak@blue.example,,,"Blue Harbor Labs",https://linkedin.com/in/ethan-nowak-286
Marc,Reyes,,+1 555 0153,,"Merrow Analytics",https://linkedin.com/in/marc-reyes-287
Zoe,Silva,zoe.silva@acme.example,+1 555 0148,Customer Success Lead,"Acme, Inc",https://linkedin.com/in/zoe-silva-288
Clara,Haddad,clara.haddad@acme.example,+1 555 0145,Partnerships Manager,"Acme, Inc",https://linkedin.com/in/clara-haddad-289
Omar,Bergman,omar.bergman@cobalt.example,,,"Cobalt Health",https://linkedin.com/in/omar-bergman-290
Iris,Osei,iris.osei@pine.example,+1 555 0115,,"Pine & Rowe",
Nora,Okafor,nora.okafor@ridgeline.example,,Director of Demand Gen,"Ridgeline Software",
Maya,Tanaka,,+1 555 0121,SDR,"Halcyon Freight",
Leila,Castellano,leila.castellano@blue.example,,Customer Success Lead,"Blue Harbor Labs",
Mateo,Castellano,mateo.castellano@halcyon.example,,Customer Success Lead,"Halcyon Freight",
Sven,Novak,sven.novak@cobalt.example,,,"Cobalt Health",https://linkedin.com/in/sven-novak-296
Priya,Bergman,priya.bergman@vertex.example,,Partnerships Manager,"Vertex Retail",
Nora,Sandoval,nora.sandoval@merrow.example,,,"Merrow Analytics",https://linkedin.com/in/nora-sandoval-298
Iris,Adeyemi,iris.adeyemi@cobalt.example,,SDR,"Cobalt Health",
Kian,Ellis,kian.ellis@pine.example,,SDR,"Pine & Rowe",https://linkedin.com/in/kian-ellis-300
Iris,Novak,,,SDR,"Blue Harbor Labs",
Sana,Reyes,sana.reyes@blue.example,+1 555 0188,,"Blue Harbor Labs",
Freya,Sorensen,,,,"Cobalt Health",https://linkedin.com/in/freya-sorensen-303
Freya,Rossi,freya.rossi@cobalt.example,,,"Cobalt Health",
Diego,Tanaka,diego.tanaka@blue.example,,Account Executive,"Blue Harbor Labs",https://linkedin.com/in/diego-tanaka-305
Elsa,Ibrahim,elsa.ibrahim@blue.example,,Founder,"Blue Harbor Labs",
Idris,Sandoval,idris.sandoval@pine.example,,SDR,"Pine & Rowe",
Marc,Bianchi,marc.bianchi@merrow.example,+1 555 0129,,"Merrow Analytics",
Talia,Sandoval,talia.sandoval@acme.example,,RevOps Manager,"Acme, Inc",
Ruben,Rossi,ruben.rossi@pine.example,,RevOps Manager,"Pine & Rowe",
Nora,Reyes,nora.reyes@blue.example,,Partnerships Manager,"Blue Harbor Labs",
Idris,Tanaka,,,VP Marketing,"Blue Harbor Labs",https://linkedin.com/in/idris-tanaka-312
Iris,Osei,iris.osei@blue.example,,Partnerships Manager,"Blue Harbor Labs",https://linkedin.com/in/iris-osei-313
Kian,Lindqvist,kian.lindqvist@blue.example,,,"Blue Harbor Labs",
Hugo,Nowak,hugo.nowak@blue.example,+1 555 0102,SDR,"Blue Harbor Labs",https://linkedin.com/in/hugo-nowak-315
Ethan,Whitfield,,+1 555 0113,,"Merrow Analytics",https://linkedin.com/in/ethan-whitfield-316
Noah,Osei,,,RevOps Manager,"Northwind Trading",
Zoe,Ibrahim,zoe.ibrahim@vertex.example,+1 555 0152,VP Marketing,"Vertex Retail",
Ava,Ferreira,ava.ferreira@vertex.example,,SDR,"Vertex Retail",
Nora,Silva,,,SDR,"Vertex Retail",
Jamal,Feld,jamal.feld@fairbank.example,,Account Executive,"Fairbank Group",
Zoe,Rossi,zoe.rossi@merrow.example,+1 555 0186,,"Merrow Analytics",
Ethan,Lindqvist,ethan.lindqvist@merrow.example,,Account Executive,"Merrow Analytics",
Leila,Lindqvist,leila.lindqvist@acme.example,,,"Acme, Inc",https://linkedin.com/in/leila-lindqvist-325
Elif,Haddad,elif.haddad@vertex.example,,RevOps Manager,"Vertex Retail",
Ava,Okafor,,+1 555 0154,Account Executive,"Halcyon Freight",
Nina,Ferreira,nina.ferreira@halcyon.example,+1 555 0143,,"Halcyon Freight",
Anya,Okafor,anya.okafor@vertex.example,,,"Vertex Retail",https://linkedin.com/in/anya-okafor-329
Viktor,Vance,viktor.vance@pine.example,+1 555 0118,RevOps Manager,"Pine & Rowe",https://linkedin.com/in/viktor-vance-330
Leila,Adeyemi,,,Founder,"Northwind Trading",
Elsa,Castellano,elsa.castellano@fairbank.example,+1 555 0133,RevOps Manager,"Fairbank Group",https://linkedin.com/in/elsa-castellano-332
Noah,Lindqvist,noah.lindqvist@cobalt.example,+1 555 0186,Account Executive,"Cobalt Health",https://linkedin.com/in/noah-lindqvist-333
Talia,Moreau,talia.moreau@cobalt.example,+1 555 0176,Director of Demand Gen,"Cobalt Health",
Sana,Kaur,sana.kaur@halcyon.example,,Customer Success Lead,"Halcyon Freight",
Freya,Silva,,+1 555 0127,Head of Sales,"Northwind Trading",
Sven,Sorensen,sven.sorensen@acme.example,,,"Acme, Inc",
Mia,Haddad,mia.haddad@cobalt.example,,Founder,"Cobalt Health",https://linkedin.com/in/mia-haddad-338
Anya,Silva,,,Customer Success Lead,"Pine & Rowe",
Viktor,Feld,viktor.feld@pine.example,,Account Executive,"Pine & Rowe",
Kian,Sandoval,kian.sandoval@cobalt.example,+1 555 0140,,"Cobalt Health",https://linkedin.com/in/kian-sandoval-341
Nina,Kovac,nina.kovac@pine.example,,SDR,"Pine & Rowe",
Omar,Ellis,omar.ellis@merrow.example,,Customer Success Lead,"Merrow Analytics",
Talia,Nyberg,talia.nyberg@fairbank.example,,Director of Demand Gen,"Fairbank Group",
Hugo,Bennett,hugo.bennett@cobalt.example,,,"Cobalt Health",
Mateo,Castellano,mateo.castellano@ridgeline.example,,Partnerships Manager,"Ridgeline Software",
Leila,Nowak,leila.nowak@northwind.example,,Founder,"Northwind Trading",
Rania,Tanaka,rania.tanaka@pine.example,,Director of Demand Gen,"Pine & Rowe",https://linkedin.com/in/rania-tanaka-348
Lena,Adeyemi,lena.adeyemi@vertex.example,+1 555 0138,Account Executive,"Vertex Retail",
Amara,Rossi,,+1 555 0165,Director of Demand Gen,"Vertex Retail",https://linkedin.com/in/amara-rossi-350
Jamal,Adeyemi,jamal.adeyemi@ridgeline.example,,,"Ridgeline Software",https://linkedin.com/in/jamal-adeyemi-351
Omar,Feld,omar.feld@cobalt.example,,,"Cobalt Health",https://linkedin.com/in/omar-feld-352
Priya,Kovac,priya.kovac@fairbank.example,+1 555 0185,,"Fairbank Group",https://linkedin.com/in/priya-kovac-353
Felix,Ibrahim,felix.ibrahim@northwind.example,+1 555 0181,VP Marketing,"Northwind Trading",
Leila,Okafor,leila.okafor@northwind.example,,VP Marketing,"Northwind Trading",https://linkedin.com/in/leila-okafor-355
Omar,Kovac,omar.kovac@blue.example,,,"Blue Harbor Labs",
Diego,Adeyemi,diego.adeyemi@acme.example,+1 555 0103,,"Acme, Inc",https://linkedin.com/in/diego-adeyemi-357
Jamal,Rossi,jamal.rossi@halcyon.example,,,"Halcyon Freight",
Sven,Lindqvist,,,,"Northwind Trading",https://linkedin.com/in/sven-lindqvist-359
Bruno,Novak,,,,"Cobalt Health",
Zoe,Haddad,zoe.haddad@northwind.example,,Partnerships Manager,"Northwind Trading",
Nora,Sandoval,nora.sandoval@vertex.example,+1 555 0110,,"Vertex Retail",
Nora,Whitfield,nora.whitfield@merrow.example,+1 555 0164,Founder,"Merrow Analytics",https://linkedin.com/in/nora-whitfield-363
Nora,Bennett,,,Account Executive,"Merrow Analytics",
Diego,Ibrahim,diego.ibrahim@fairbank.example,,Head of Sales,"Fairbank Group",https://linkedin.com/in/diego-ibrahim-365
Viktor,Okafor,viktor.okafor@ridgeline.example,+1 555 0124,Head of Sales,"Ridgeline Software",
Ava,Feld,ava.feld@halcyon.example,,,"Halcyon Freight",
Talia,Ibrahim,talia.ibrahim@vertex.example,,Customer Success Lead,"Vertex Retail",
Talia,Kaur,,,,"Vertex Retail",
Felix,Lambert,felix.lambert@halcyon.example,,,"Halcyon Freight",https://linkedin.com/in/felix-lambert-370
Mateo,Nyberg,mateo.nyberg@pine.example,,,"Pine & Rowe",
Rania,Reyes,rania.reyes@ridgeline.example,+1 555 0124,,"Ridgeline Software",https://linkedin.com/in/rania-reyes-372
Diego,Marchetti,diego.marchetti@vertex.example,,SDR,"Vertex Retail",
Noah,Osei,noah.osei@cobalt.example,,Partnerships Manager,"Cobalt Health",
Maya,Adeyemi,maya.adeyemi@merrow.example,+1 555 0151,RevOps Manager,"Merrow Analytics",https://linkedin.com/in/maya-adeyemi-375
Freya,Novak,freya.novak@fairbank.example,,Customer Success Lead,"Fairbank Group",
Kwame,Novak,kwame.novak@fairbank.example,,SDR,"Fairbank Group",
Felix,Bennett,felix.bennett@ridgeline.example,,,"Ridgeline Software",
Felix,Rossi,felix.rossi@vertex.example,,Head of Sales,"Vertex Retail",https://linkedin.com/in/felix-rossi-379
Felix,Lindqvist,felix.lindqvist@fairbank.example,+1 555 0143,Director of Demand Gen,"Fairbank Group",
Kian,Osei,,,SDR,"Merrow Analytics",https://linkedin.com/in/kian-osei-381
Rania,Bennett,rania.bennett@cobalt.example,,SDR,"Cobalt Health",
Sven,Adeyemi,sven.adeyemi@halcyon.example,+1 555 0153,RevOps Manager,"Halcyon Freight",https://linkedin.com/in/sven-adeyemi-383
Viktor,Marchetti,viktor.marchetti@merrow.example,,,"Merrow Analytics",
Idris,Whitfield,,,SDR,"Northwind Trading",https://linkedin.com/in/idris-whitfield-385
Maya,Kovac,,,Partnerships Manager,"Cobalt Health",
Felix,Kaur,felix.kaur@cobalt.example,+1 555 0178,,"Cobalt Health",
Omar,Sandoval,omar.sandoval@acme.example,,,"Acme, Inc",
Liam,Kovac,,+1 555 0142,,"Fairbank Group",https://linkedin.com/in/liam-kovac-389
Anya,Haddad,anya.haddad@vertex.example,,,"Vertex Retail",https://linkedin.com/in/anya-haddad-390
Talia,Rossi,talia.rossi@fairbank.example,,SDR,"Fairbank Group",
Tomas,Ibrahim,tomas.ibrahim@halcyon.example,,,"Halcyon Freight",https://linkedin.com/in/tomas-ibrahim-392
Nina,Ellis,nina.ellis@pine.example,,SDR,"Pine & Rowe",https://linkedin.com/in/nina-ellis-393
Elif,Ellis,,,RevOps Manager,"Pine & Rowe",https://linkedin.com/in/elif-ellis-394
Elsa,Reyes,,,Director of Demand Gen,"Northwind Trading",https://linkedin.com/in/elsa-reyes-395
Maya,Lindqvist,maya.lindqvist@acme.example,+1 555 0178,,"Acme, Inc",
Hugo,Kovac,,+1 555 0128,SDR,"Pine & Rowe",
Ava,Novak,ava.novak@cobalt.example,,Customer Success Lead,"Cobalt Health",https://linkedin.com/in/ava-novak-398
Diego,Silva,,,VP Marketing,"Acme, Inc",
Jamal,Ibrahim,jamal.ibrahim@halcyon.example,,Customer Success Lead,"Halcyon Freight",
Priya,Marchetti,priya.marchetti@halcyon.example,,VP Marketing,"Halcyon Freight",
Freya,Rossi,,+1 555 0179,Partnerships Manager,"Ridgeline Software",
Kian,Adeyemi,kian.adeyemi@halcyon.example,+1 555 0158,,"Halcyon Freight",
Elif,Ferreira,elif.ferreira@fairbank.example,+1 555 0124,,"Fairbank Group",
Tomas,Nowak,tomas.nowak@ridgeline.example,,Partnerships Manager,"Ridgeline Software",
Zoe,Nowak,,,RevOps Manager,"Acme, Inc",
Idris,Reyes,idris.reyes@merrow.example,,,"Merrow Analytics",
Jonas,Adeyemi,,,SDR,"Halcyon Freight",https://linkedin.com/in/jonas-adeyemi-408
Elif,Lambert,elif.lambert@vertex.example,,,"Vertex Retail",
Kian,Tanaka,kian.tanaka@acme.example,,,"Acme, Inc",https://linkedin.com/in/kian-tanaka-411
Elif,Whitfield,,,Account Executive,"Blue Harbor Labs",https://linkedin.com/in/elif-whitfield-412
Noah,Lambert,noah.lambert@blue.example,,Founder,"Blue Harbor Labs",https://linkedin.com/in/noah-lambert-413
Theo,Haddad,theo.haddad@acme.example,+1 555 0105,Founder,"Acme, Inc",
Priya,Bergman,priya.bergman@blue.example,,,"Blue Harbor Labs",https://linkedin.com/in/priya-bergman-415
Ethan,Lindqvist,,,,"Cobalt Health",https://linkedin.com/in/ethan-lindqvist-417
Omar,Bianchi,omar.bianchi@ridgeline.example,,,"Ridgeline Software",
Mateo,Bergman,mateo.bergman@acme.example,,,"Acme, Inc",https://linkedin.com/in/mateo-bergman-419
Ruben,Nowak,ruben.nowak@pine.example,+1 555 0182,Account Executive,"Pine & Rowe",
Jonas,Marchetti,jonas.marchetti@vertex.example,,Head of Sales,"Vertex Retail",
Maya,Marchetti,maya.marchetti@vertex.example,,SDR,"Vertex Retail",https://linkedin.com/in/maya-marchetti-423
Liam,Vance,,,,"Acme, Inc",
Maya,Kaur,maya.kaur@acme.example,,Head of Sales,"Acme, Inc",https://linkedin.com/in/maya-kaur-425
Sana,Marchetti,sana.marchetti@acme.example,,RevOps Manager,"Acme, Inc",
Elsa,Ibrahim,elsa.ibrahim@ridgeline.example,,RevOps Manager,"Ridgeline Software",
Amara,Rossi,amara.rossi@northwind.example,,Head of Sales,"Northwind Trading",
Mateo,Nyberg,mateo.nyberg@ridgeline.example,,Account Executive,"Ridgeline Software",
Ruben,Sandoval,ruben.sandoval@acme.example,,,"Acme, Inc",
Iris,Kovac,iris.kovac@blue.example,+1 555 0143,RevOps Manager,"Blue Harbor Labs",
Ruben,Reyes,ruben.reyes@fairbank.example,,Founder,"Fairbank Group",https://linkedin.com/in/ruben-reyes-434
Amara,Bianchi,amara.bianchi@cobalt.example,,RevOps Manager,"Cobalt Health",
Liam,Osei,liam.osei@fairbank.example,,VP Marketing,"Fairbank Group",
Noah,Feld,noah.feld@blue.example,,,"Blue Harbor Labs",https://linkedin.com/in/noah-feld-437
Sana,Bergman,sana.bergman@merrow.example,+1 555 0114,,"Merrow Analytics",
Tomas,Bianchi,tomas.bianchi@cobalt.example,,,"Cobalt Health",
Elif,Ibrahim,,,Customer Success Lead,"Halcyon Freight",
Kian,Bergman,kian.bergman@vertex.example,+1 555 0159,Account Executive,"Vertex Retail",https://linkedin.com/in/kian-bergman-441
Sana,Kaur,sana.kaur@fairbank.example,,Account Executive,"Fairbank Group",
Sana,Reyes,sana.reyes@pine.example,,,"Pine & Rowe",
Viktor,Adeyemi,viktor.adeyemi@cobalt.example,,SDR,"Cobalt Health",https://linkedin.com/in/viktor-adeyemi-444
Liam,Bianchi,liam.bianchi@northwind.example,,RevOps Manager,"Northwind Trading",
Leila,Kaur,leila.kaur@acme.example,+1 555 0144,SDR,"Acme, Inc",https://linkedin.com/in/leila-kaur-446
Ruben,Ferreira,ruben.ferreira@ridgeline.example,,Partnerships Manager,"Ridgeline Software",https://linkedin.com/in/ruben-ferreira-447
Freya,Marchetti,freya.marchetti@cobalt.example,,,"Cobalt Health",
Priya,Ellis,priya.ellis@fairbank.example,,,"Fairbank Group",
Ruben,Sorensen,ruben.sorensen@pine.example,+1 555 0193,,"Pine & Rowe",
Rania,Osei,rania.osei@cobalt.example,+1 555 0161,Director of Demand Gen,"Cobalt Health",https://linkedin.com/in/rania-osei-451
Ethan,Moreau,ethan.moreau@northwind.example,,Account Executive,"Northwind Trading",
Talia,Osei,talia.osei@acme.example,+1 555 0156,Founder,"Acme, Inc",
Ava,Ferreira,ava.ferreira@blue.example,,,"Blue Harbor Labs",https://linkedin.com/in/ava-ferreira-455
Zoe,Reyes,,,Head of Sales,"Blue Harbor Labs",
Liam,Haddad,liam.haddad@blue.example,,SDR,"Blue Harbor Labs",
Marc,Castellano,marc.castellano@northwind.example,,Founder,"Northwind Trading",https://linkedin.com/in/marc-castellano-458
Marc,Whitfield,marc.whitfield@acme.example,,Account Executive,"Acme, Inc",
Nora,Ferreira,nora.ferreira@northwind.example,,Partnerships Manager,"Northwind Trading",https://linkedin.com/in/nora-ferreira-460
Freya,Novak,freya.novak@blue.example,,,"Blue Harbor Labs",https://linkedin.com/in/freya-novak-461
Jonas,Haddad,jonas.haddad@ridgeline.example,+1 555 0128,RevOps Manager,"Ridgeline Software",
Elif,Silva,elif.silva@vertex.example,,SDR,"Vertex Retail",
Zoe,Silva,zoe.silva@vertex.example,,,"Vertex Retail",https://linkedin.com/in/zoe-silva-464
Ingrid,Tanaka,ingrid.tanaka@fairbank.example,+1 555 0155,SDR,"Fairbank Group",https://linkedin.com/in/ingrid-tanaka-465
Ruben,Moreau,ruben.moreau@cobalt.example,,Account Executive,"Cobalt Health",https://linkedin.com/in/ruben-moreau-466
Maya,Adeyemi,maya.adeyemi@northwind.example,,,"Northwind Trading",https://linkedin.com/in/maya-adeyemi-467
Kwame,Reyes,kwame.reyes@ridgeline.example,,Partnerships Manager,"Ridgeline Software",https://linkedin.com/in/kwame-reyes-468
Ethan,Nowak,ethan.nowak@cobalt.example,,,"Cobalt Health",
Amara,Duarte,amara.duarte@cobalt.example,+1 555 0139,Head of Sales,"Cobalt Health",
Talia,Ibrahim,talia.ibrahim@pine.example,,RevOps Manager,"Pine & Rowe",https://linkedin.com/in/talia-ibrahim-471
Ingrid,Nowak,ingrid.nowak@northwind.example,,SDR,"Northwind Trading",
Nora,Marchetti,nora.marchetti@pine.example,,RevOps Manager,"Pine & Rowe",
Ethan,Silva,ethan.silva@merrow.example,,,"Merrow Analytics",https://linkedin.com/in/ethan-silva-474
Kwame,Haddad,kwame.haddad@fairbank.example,,,"Fairbank Group",
Mia,Ellis,mia.ellis@blue.example,,,"Blue Harbor Labs",
Nora,Ibrahim,nora.ibrahim@merrow.example,+1 555 0177,Director of Demand Gen,"Merrow Analytics",
Hugo,Lambert,hugo.lambert@northwind.example,+1 555 0199,,"Northwind Trading",
Viktor,Silva,viktor.silva@fairbank.example,,RevOps Manager,"Fairbank Group",https://linkedin.com/in/viktor-silva-479
Nora,Bennett,nora.bennett@halcyon.example,,RevOps Manager,"Halcyon Freight",
Mateo,Whitfield,mateo.whitfield@blue.example,,,"Blue Harbor Labs",
Priya,Okafor,,,,"Halcyon Freight",
Mateo,Ellis,mateo.ellis@northwind.example,,Account Executive,"Northwind Trading",
Clara,Silva,clara.silva@halcyon.example,,,"Halcyon Freight",
Elif,Sandoval,elif.sandoval@acme.example,,,"Acme, Inc",
Jonas,Rossi,jonas.rossi@merrow.example,,Director of Demand Gen,"Merrow Analytics",https://linkedin.com/in/jonas-rossi-486
Viktor,Tanaka,viktor.tanaka@pine.example,,,"Pine & Rowe",
Talia,Vance,talia.vance@northwind.example,+1 555 0185,SDR,"Northwind Trading",
Anya,Novak,,+1 555 0107,Customer Success Lead,"Pine & Rowe",
Theo,Moreau,,+1 555 0129,,"Pine & Rowe",https://linkedin.com/in/theo-moreau-490
Ethan,Duarte,ethan.duarte@vertex.example,,,"Vertex Retail",https://linkedin.com/in/ethan-duarte-491
Mia,Marchetti,mia.marchetti@halcyon.example,,Founder,"Halcyon Freight",https://linkedin.com/in/mia-marchetti-492
Zoe,Sandoval,zoe.sandoval@cobalt.example,+1 555 0112,,"Cobalt Health",https://linkedin.com/in/zoe-sandoval-493
Sana,Sandoval,,,SDR,"Vertex Retail",
Nora,Nyberg,,,Customer Success Lead,"Merrow Analytics",
Zoe,Sorensen,,,SDR,"Ridgeline Software",
Kwame,Osei,kwame.osei@cobalt.example,,Founder,"Cobalt Health",
Viktor,Adeyemi,viktor.adeyemi@northwind.example,,Founder,"Northwind Trading",https://linkedin.com/in/viktor-adeyemi-499
Ava,Rossi,,,Head of Sales,"Cobalt Health",https://linkedin.com/in/ava-rossi-500
Noah,Vance,noah.vance@northwind.example,,,"Northwind Trading",
Kian,Bianchi,,,,"Halcyon Freight",
Hugo,Adeyemi,hugo.adeyemi@cobalt.example,,Partnerships Manager,"Cobalt Health",
Liam,Castellano,liam.castellano@fairbank.example,,Director of Demand Gen,"Fairbank Group",
Ava,Reyes,ava.reyes@blue.example,,Director of Demand Gen,"Blue Harbor Labs",
Kwame,Castellano,,,Founder,"Ridgeline Software",https://linkedin.com/in/kwame-castellano-506
Nora,Kovac,nora.kovac@halcyon.example,,Partnerships Manager,"Halcyon Freight",
Tomas,Silva,tomas.silva@acme.example,,Director of Demand Gen,"Acme, Inc",
Kian,Adeyemi,,,Director of Demand Gen,"Merrow Analytics",
Lena,Sorensen,lena.sorensen@cobalt.example,+1 555 0167,,"Cobalt Health",
Viktor,Sandoval,viktor.sandoval@halcyon.example,,Founder,"Halcyon Freight",https://linkedin.com/in/viktor-sandoval-512
Lena,Lindqvist,lena.lindqvist@vertex.example,+1 555 0105,RevOps Manager,"Vertex Retail",
Ethan,Ferreira,ethan.ferreira@cobalt.example,,,"Cobalt Health",https://linkedin.com/in/ethan-ferreira-514
Mateo,Ellis,mateo.ellis@blue.example,+1 555 0165,Partnerships Manager,"Blue Harbor Labs",https://linkedin.com/in/mateo-ellis-515
Anya,Lambert,,+1 555 0127,,"Blue Harbor Labs",https://linkedin.com/in/anya-lambert-516
Omar,Okafor,omar.okafor@ridgeline.example,+1 555 0172,Head of Sales,"Ridgeline Software",
Liam,Tanaka,,,VP Marketing,"Halcyon Freight",https://linkedin.com/in/liam-tanaka-518
Idris,Vance,idris.vance@northwind.example,,Customer Success Lead,"Northwind Trading",
Marc,Kaur,marc.kaur@halcyon.example,+1 555 0191,,"Halcyon Freight",
Felix,Sandoval,felix.sandoval@vertex.example,,Account Executive,"Vertex Retail",https://linkedin.com/in/felix-sandoval-521
Noah,Adeyemi,,,,"Fairbank Group",
Zoe,Vance,zoe.vance@northwind.example,,,"Northwind Trading",
Sven,Ibrahim,sven.ibrahim@acme.example,+1 555 0159,Head of Sales,"Acme, Inc",https://linkedin.com/in/sven-ibrahim-524
Ingrid,Bianchi,ingrid.bianchi@blue.example,,Head of Sales,"Blue Harbor Labs",https://linkedin.com/in/ingrid-bianchi-525
Anya,Sorensen,anya.sorensen@halcyon.example,,VP Marketing,"Halcyon Freight",
Felix,Kovac,felix.kovac@northwind.example,+1 555 0107,Customer Success Lead,"Northwind Trading",
Zoe,Kovac,zoe.kovac@acme.example,+1 555 0195,,"Acme, Inc",https://linkedin.com/in/zoe-kovac-528
Tomas,Sorensen,tomas.sorensen@vertex.example,,,"Vertex Retail",
Nora,Ferreira,nora.ferreira@cobalt.example,+1 555 0178,,"Cobalt Health",
Zoe,Osei,zoe.osei@pine.example,+1 555 0199,Account Executive,"Pine & Rowe",https://linkedin.com/in/zoe-osei-532
Lena,Novak,lena.novak@acme.example,+1 555 0199,RevOps Manager,"Acme, Inc",https://linkedin.com/in/lena-novak-534
Ingrid,Marchetti,ingrid.marchetti@blue.example,,Head of Sales,"Blue Harbor Labs",https://linkedin.com/in/ingrid-marchetti-535
Noah,Feld,,,SDR,"Acme, Inc",https://linkedin.com/in/noah-feld-537
Kian,Duarte,kian.duarte@cobalt.example,,RevOps Manager,"Cobalt Health",
Rania,Kovac,rania.kovac@blue.example,+1 555 0174,,"Blue Harbor Labs",https://linkedin.com/in/rania-kovac-539
Liam,Nyberg,liam.nyberg@halcyon.example,,Founder,"Halcyon Freight",
Bruno,Bennett,bruno.bennett@halcyon.example,,Customer Success Lead,"Halcyon Freight",
Mateo,Kaur,mateo.kaur@ridgeline.example,+1 555 0136,Founder,"Ridgeline Software",
Felix,Vance,,,Director of Demand Gen,"Vertex Retail",
Nina,Sandoval,nina.sandoval@northwind.example,,Founder,"Northwind Trading",
Ethan,Novak,,,Customer Success Lead,"Northwind Trading",
Kwame,Castellano,kwame.castellano@vertex.example,,,"Vertex Retail",https://linkedin.com/in/kwame-castellano-547
Lena,Novak,lena.novak@pine.example,+1 555 0193,,"Pine & Rowe",
Rania,Ellis,rania.ellis@acme.example,,,"Acme, Inc",
Marc,Lindqvist,marc.lindqvist@blue.example,,SDR,"Blue Harbor Labs",https://linkedin.com/in/marc-lindqvist-551
Leila,Okafor,leila.okafor@vertex.example,,VP Marketing,"Vertex Retail",
Elsa,Rossi,,,Director of Demand Gen,"Northwind Trading",https://linkedin.com/in/elsa-rossi-553
Jonas,Reyes,jonas.reyes@ridgeline.example,,Customer Success Lead,"Ridgeline Software",
Clara,Kaur,clara.kaur@halcyon.example,,Founder,"Halcyon Freight",
Ethan,Tanaka,ethan.tanaka@pine.example,,,"Pine & Rowe",https://linkedin.com/in/ethan-tanaka-556
Viktor,Ferreira,viktor.ferreira@ridgeline.example,,,"Ridgeline Software",
Kian,Duarte,kian.duarte@northwind.example,,Director of Demand Gen,"Northwind Trading",
Ava,Kaur,,,Account Executive,"Cobalt Health",https://linkedin.com/in/ava-kaur-559
Clara,Kaur,clara.kaur@ridgeline.example,,Director of Demand Gen,"Ridgeline Software",https://linkedin.com/in/clara-kaur-560
Theo,Castellano,theo.castellano@halcyon.example,+1 555 0127,,"Halcyon Freight",
Clara,Whitfield,clara.whitfield@halcyon.example,+1 555 0137,,"Halcyon Freight",https://linkedin.com/in/clara-whitfield-562
Freya,Whitfield,freya.whitfield@vertex.example,+1 555 0134,,"Vertex Retail",
Talia,Tanaka,,,,"Fairbank Group",
Ethan,Whitfield,ethan.whitfield@ridgeline.example,,,"Ridgeline Software",
Rania,Marchetti,rania.marchetti@northwind.example,,Account Executive,"Northwind Trading",https://linkedin.com/in/rania-marchetti-566
Zoe,Kaur,zoe.kaur@acme.example,,,"Acme, Inc",
Zoe,Sorensen,zoe.sorensen@acme.example,,,"Acme, Inc",
Jamal,Reyes,jamal.reyes@fairbank.example,,,"Fairbank Group",
Lena,Reyes,lena.reyes@acme.example,,Customer Success Lead,"Acme, Inc",https://linkedin.com/in/lena-reyes-570
Rania,Duarte,,,,"Halcyon Freight",https://linkedin.com/in/rania-duarte-571
Felix,Kaur,felix.kaur@northwind.example,,,"Northwind Trading",
Bruno,Feld,bruno.feld@fairbank.example,,,"Fairbank Group",https://linkedin.com/in/bruno-feld-573
Marc,Ferreira,marc.ferreira@merrow.example,+1 555 0174,,"Merrow Analytics",https://linkedin.com/in/marc-ferreira-574
Mia,Rossi,mia.rossi@acme.example,,,"Acme, Inc",
Sana,Whitfield,sana.whitfield@blue.example,,,"Blue Harbor Labs",https://linkedin.com/in/sana-whitfield-576
Ava,Castellano,ava.castellano@blue.example,+1 555 0179,,"Blue Harbor Labs",https://linkedin.com/in/ava-castellano-577
Iris,Bergman,iris.bergman@fairbank.example,,Account Executive,"Fairbank Group",https://linkedin.com/in/iris-bergman-578
Elif,Adeyemi,elif.adeyemi@northwind.example,,,"Northwind Trading",https://linkedin.com/in/elif-adeyemi-579
Freya,Tanaka,freya.tanaka@fairbank.example,,,"Fairbank Group",https://linkedin.com/in/freya-tanaka-580
Ingrid,Novak,,,Founder,"Cobalt Health",
Felix,Tanaka,felix.tanaka@halcyon.example,+1 555 0178,,"Halcyon Freight",
Diego,Castellano,,,,"Vertex Retail",https://linkedin.com/in/diego-castellano-583
Mateo,Bianchi,mateo.bianchi@fairbank.example,+1 555 0160,Founder,"Fairbank Group",
Bruno,Kovac,,+1 555 0174,Founder,"Merrow Analytics",https://linkedin.com/in/bruno-kovac-585
Kian,Whitfield,kian.whitfield@vertex.example,,Partnerships Manager,"Vertex Retail",
Hugo,Tanaka,hugo.tanaka@halcyon.example,,,"Halcyon Freight",
Omar,Bennett,omar.bennett@pine.example,+1 555 0178,,"Pine & Rowe",https://linkedin.com/in/omar-bennett-588
Sven,Sorensen,sven.sorensen@merrow.example,+1 555 0134,,"Merrow Analytics",https://linkedin.com/in/sven-sorensen-589
Liam,Osei,liam.osei@halcyon.example,,,"Halcyon Freight",
Leila,Rossi,,,Account Executive,"Blue Harbor Labs",
Ethan,Bianchi,,+1 555 0157,,"Halcyon Freight",https://linkedin.com/in/ethan-bianchi-593
Nina,Nyberg,nina.nyberg@pine.example,,Partnerships Manager,"Pine & Rowe",https://linkedin.com/in/nina-nyberg-594
Kian,Bennett,kian.bennett@fairbank.example,,Founder,"Fairbank Group",
Rania,Nyberg,,,Founder,"Fairbank Group",
Clara,Novak,clara.novak@vertex.example,,Founder,"Vertex Retail",
Amara,Bianchi,amara.bianchi@blue.example,+1 555 0169,SDR,"Blue Harbor Labs",
Idris,Ellis,idris.ellis@cobalt.example,,Director of Demand Gen,"Cobalt Health",
Idris,Reyes,idris.reyes@blue.example,,Account Executive,"Blue Harbor Labs",https://linkedin.com/in/idris-reyes-600
Ethan,Vance,,,Founder,"Acme, Inc",https://linkedin.com/in/ethan-vance-601
Theo,Sandoval,,,SDR,"Halcyon Freight",
Liam,Bergman,liam.bergman@pine.example,+1 555 0178,VP Marketing,"Pine & Rowe",https://linkedin.com/in/liam-bergman-603
Mia,Adeyemi,mia.adeyemi@fairbank.example,,RevOps Manager,"Fairbank Group",
Idris,Ellis,,,Founder,"Vertex Retail",
Liam,Lindqvist,liam.lindqvist@fairbank.example,,RevOps Manager,"Fairbank Group",
Mateo,Feld,mateo.feld@northwind.example,+1 555 0158,,"Northwind Trading",https://linkedin.com/in/mateo-feld-607
Priya,Lindqvist,priya.lindqvist@acme.example,,,"Acme, Inc",
Priya,Ibrahim,priya.ibrahim@fairbank.example,,Partnerships Manager,"Fairbank Group",https://linkedin.com/in/priya-ibrahim-609
Clara,Kovac,,+1 555 0155,VP Marketing,"Merrow Analytics",
Iris,Nyberg,,,Founder,"Blue Harbor Labs",
Ruben,Osei,ruben.osei@halcyon.example,,Founder,"Halcyon Freight",
Anya,Kovac,anya.kovac@ridgeline.example,,Customer Success Lead,"Ridgeline Software",
Leila,Bennett,leila.bennett@halcyon.example,+1 555 0158,Founder,"Halcyon Freight",https://linkedin.com/in/leila-bennett-614
Noah,Novak,noah.novak@pine.example,,Customer Success Lead,"Pine & Rowe",
Ruben,Nowak,ruben.nowak@acme.example,,Customer Success Lead,"Acme, Inc",https://linkedin.com/in/ruben-nowak-616
Amara,Lindqvist,,,,"Pine & Rowe",
Lena,Lambert,,,,"Northwind Trading",https://linkedin.com/in/lena-lambert-618
Sven,Adeyemi,,+1 555 0108,Head of Sales,"Blue Harbor Labs",https://linkedin.com/in/sven-adeyemi-619
Elif,Marchetti,,,,"Merrow Analytics",
Elif,Lindqvist,elif.lindqvist@vertex.example,+1 555 0163,Director of Demand Gen,"Vertex Retail",
Elsa,Vance,elsa.vance@vertex.example,+1 555 0198,Partnerships Manager,"Vertex Retail",
Mateo,Moreau,mateo.moreau@acme.example,,Partnerships Manager,"Acme, Inc",
Leila,Osei,,+1 555 0100,SDR,"Vertex Retail",
Rania,Marchetti,rania.marchetti@acme.example,,Partnerships Manager,"Acme, Inc",https://linkedin.com/in/rania-marchetti-625
Mateo,Osei,mateo.osei@halcyon.example,,,"Halcyon Freight",
Diego,Osei,diego.osei@vertex.example,,Head of Sales,"Vertex Retail",https://linkedin.com/in/diego-osei-627
Amara,Nowak,,+1 555 0109,Founder,"Blue Harbor Labs",https://linkedin.com/in/amara-nowak-628
Leila,Bianchi,leila.bianchi@merrow.example,+1 555 0122,RevOps Manager,"Merrow Analytics",https://linkedin.com/in/leila-bianchi-630
Freya,Adeyemi,freya.adeyemi@blue.example,+1 555 0174,Customer Success Lead,"Blue Harbor Labs",
Maya,Lambert,maya.lambert@acme.example,+1 555 0123,Partnerships Manager,"Acme, Inc",
Ruben,Adeyemi,,+1 555 0159,,"Halcyon Freight",https://linkedin.com/in/ruben-adeyemi-634
Bruno,Bianchi,bruno.bianchi@blue.example,,,"Blue Harbor Labs",
Viktor,Okafor,viktor.okafor@pine.example,,VP Marketing,"Pine & Rowe",
Noah,Bianchi,noah.bianchi@merrow.example,,Account Executive,"Merrow Analytics",https://linkedin.com/in/noah-bianchi-637
Anya,Rossi,anya.rossi@pine.example,,,"Pine & Rowe",
Felix,Silva,felix.silva@acme.example,,Customer Success Lead,"Acme, Inc",
Kwame,Vance,,,,"Vertex Retail",https://linkedin.com/in/kwame-vance-640
Leila,Feld,leila.feld@blue.example,+1 555 0113,Founder,"Blue Harbor Labs",https://linkedin.com/in/leila-feld-641
Clara,Osei,clara.osei@blue.example,,SDR,"Blue Harbor Labs",
Ruben,Bennett,,,Head of Sales,"Halcyon Freight",https://linkedin.com/in/ruben-bennett-643
Hugo,Sandoval,hugo.sandoval@pine.example,,Director of Demand Gen,"Pine & Rowe",
Bruno,Rossi,bruno.rossi@pine.example,,RevOps Manager,"Pine & Rowe",https://linkedin.com/in/bruno-rossi-645
Sven,Castellano,sven.castellano@acme.example,,VP Marketing,"Acme, Inc",
Freya,Kovac,freya.kovac@acme.example,,Account Executive,"Acme, Inc",https://linkedin.com/in/freya-kovac-647
Sven,Lindqvist,,,,"Merrow Analytics",https://linkedin.com/in/sven-lindqvist-648
Rania,Kovac,rania.kovac@merrow.example,,Head of Sales,"Merrow Analytics",
Iris,Bianchi,iris.bianchi@ridgeline.example,+1 555 0191,,"Ridgeline Software",https://linkedin.com/in/iris-bianchi-650
Priya,Osei,,,,"Merrow Analytics",
Mia,Bennett,mia.bennett@cobalt.example,+1 555 0149,Founder,"Cobalt Health",
Anya,Tanaka,anya.tanaka@cobalt.example,,Head of Sales,"Cobalt Health",
Kwame,Nowak,kwame.nowak@northwind.example,,,"Northwind Trading",
Jamal,Bianchi,,+1 555 0157,VP Marketing,"Ridgeline Software",https://linkedin.com/in/jamal-bianchi-656
Sven,Osei,sven.osei@vertex.example,,,"Vertex Retail",https://linkedin.com/in/sven-osei-657
Nina,Ellis,nina.ellis@fairbank.example,,Customer Success Lead,"Fairbank Group",
Clara,Bennett,,+1 555 0189,RevOps Manager,"Halcyon Freight",
Viktor,Lindqvist,viktor.lindqvist@northwind.example,,Partnerships Manager,"Northwind Trading",
Theo,Haddad,theo.haddad@vertex.example,,Customer Success Lead,"Vertex Retail",https://linkedin.com/in/theo-haddad-661
Theo,Ellis,,,Account Executive,"Acme, Inc",
Sven,Silva,sven.silva@blue.example,+1 555 0107,Founder,"Blue Harbor Labs",https://linkedin.com/in/sven-silva-663
Idris,Sandoval,,,Founder,"Halcyon Freight",https://linkedin.com/in/idris-sandoval-664
Freya,Lambert,freya.lambert@acme.example,,,"Acme, Inc",https://linkedin.com/in/freya-lambert-665
Theo,Okafor,,+1 555 0146,RevOps Manager,"Fairbank Group",https://linkedin.com/in/theo-okafor-666
Maya,Osei,maya.osei@acme.example,,,"Acme, Inc",
Maya,Kovac,maya.kovac@vertex.example,,SDR,"Vertex Retail",https://linkedin.com/in/maya-kovac-668
Maya,Lambert,maya.lambert@vertex.example,,,"Vertex Retail",https://linkedin.com/in/maya-lambert-670
Priya,Sandoval,priya.sandoval@acme.example,,Director of Demand Gen,"Acme, Inc",
Ava,Marchetti,ava.marchetti@ridgeline.example,,Director of Demand Gen,"Ridgeline Software",https://linkedin.com/in/ava-marchetti-672
Diego,Marchetti,diego.marchetti@halcyon.example,,,"Halcyon Freight",https://linkedin.com/in/diego-marchetti-673
Jamal,Sandoval,jamal.sandoval@merrow.example,,,"Merrow Analytics",https://linkedin.com/in/jamal-sandoval-674
Clara,Duarte,clara.duarte@cobalt.example,+1 555 0136,SDR,"Cobalt Health",https://linkedin.com/in/clara-duarte-675
Lena,Ibrahim,lena.ibrahim@acme.example,+1 555 0103,,"Acme, Inc",https://linkedin.com/in/lena-ibrahim-676
Marc,Bianchi,marc.bianchi@northwind.example,,,"Northwind Trading",https://linkedin.com/in/marc-bianchi-677
Jamal,Sorensen,jamal.sorensen@merrow.example,,Partnerships Manager,"Merrow Analytics",
Lena,Novak,,,Founder,"Merrow Analytics",
Idris,Feld,idris.feld@pine.example,,Customer Success Lead,"Pine & Rowe",https://linkedin.com/in/idris-feld-680
Bruno,Sorensen,bruno.sorensen@cobalt.example,,,"Cobalt Health",https://linkedin.com/in/bruno-sorensen-681
Lena,Silva,lena.silva@acme.example,+1 555 0197,Partnerships Manager,"Acme, Inc",
Ruben,Haddad,ruben.haddad@northwind.example,,,"Northwind Trading",
Idris,Rossi,idris.rossi@ridgeline.example,,RevOps Manager,"Ridgeline Software",
Liam,Bianchi,,+1 555 0143,,"Cobalt Health",https://linkedin.com/in/liam-bianchi-685
Ethan,Lambert,ethan.lambert@acme.example,,Partnerships Manager,"Acme, Inc",
Freya,Whitfield,freya.whitfield@acme.example,+1 555 0181,Account Executive,"Acme, Inc",https://linkedin.com/in/freya-whitfield-687
Mateo,Lindqvist,mateo.lindqvist@ridgeline.example,,Head of Sales,"Ridgeline Software",
Omar,Moreau,,+1 555 0128,,"Acme, Inc",
Marc,Bergman,marc.bergman@blue.example,,SDR,"Blue Harbor Labs",
Amara,Castellano,,,,"Acme, Inc",https://linkedin.com/in/amara-castellano-691
Clara,Duarte,clara.duarte@ridgeline.example,,RevOps Manager,"Ridgeline Software",
Felix,Tanaka,felix.tanaka@merrow.example,,Customer Success Lead,"Merrow Analytics",https://linkedin.com/in/felix-tanaka-693
Liam,Ellis,liam.ellis@fairbank.example,,,"Fairbank Group",https://linkedin.com/in/liam-ellis-694
Elif,Kovac,elif.kovac@ridgeline.example,,,"Ridgeline Software",https://linkedin.com/in/elif-kovac-696
Amara,Silva,amara.silva@merrow.example,,Head of Sales,"Merrow Analytics",https://linkedin.com/in/amara-silva-697
Jonas,Sorensen,jonas.sorensen@northwind.example,,,"Northwind Trading",https://linkedin.com/in/jonas-sorensen-698
Marc,Ibrahim,marc.ibrahim@cobalt.example,,Founder,"Cobalt Health",
Elif,Bergman,elif.bergman@vertex.example,,,"Vertex Retail",
Hugo,Feld,hugo.feld@blue.example,,Customer Success Lead,"Blue Harbor Labs",
Ruben,Silva,ruben.silva@cobalt.example,+1 555 0161,,"Cobalt Health",
Amara,Haddad,amara.haddad@vertex.example,,,"Vertex Retail",https://linkedin.com/in/amara-haddad-703
Omar,Vance,omar.vance@blue.example,,,"Blue Harbor Labs",
Omar,Rossi,omar.rossi@northwind.example,,Partnerships Manager,"Northwind Trading",https://linkedin.com/in/omar-rossi-706
Ruben,Kovac,ruben.kovac@halcyon.example,,Partnerships Manager,"Halcyon Freight",
Ruben,Tanaka,ruben.tanaka@cobalt.example,,VP Marketing,"Cobalt Health",https://linkedin.com/in/ruben-tanaka-708
Sven,Bennett,,,Director of Demand Gen,"Pine & Rowe",
Maya,Haddad,maya.haddad@acme.example,,Account Executive,"Acme, Inc",
Rania,Feld,rania.feld@ridgeline.example,+1 555 0160,RevOps Manager,"Ridgeline Software",https://linkedin.com/in/rania-feld-711
Mia,Novak,mia.novak@ridgeline.example,+1 555 0128,Account Executive,"Ridgeline Software",https://linkedin.com/in/mia-novak-712
Zoe,Okafor,,,Partnerships Manager,"Cobalt Health",
Hugo,Ibrahim,hugo.ibrahim@blue.example,,Founder,"Blue Harbor Labs",https://linkedin.com/in/hugo-ibrahim-715
Diego,Rossi,diego.rossi@acme.example,,SDR,"Acme, Inc",
Liam,Lindqvist,liam.lindqvist@ridgeline.example,+1 555 0115,Head of Sales,"Ridgeline Software",https://linkedin.com/in/liam-lindqvist-717
Ruben,Lindqvist,ruben.lindqvist@merrow.example,,Partnerships Manager,"Merrow Analytics",https://linkedin.com/in/ruben-lindqvist-718
Tomas,Kaur,tomas.kaur@halcyon.example,,Account Executive,"Halcyon Freight",
Viktor,Okafor,viktor.okafor@vertex.example,,,"Vertex Retail",
Mateo,Haddad,mateo.haddad@acme.example,,,"Acme, Inc",https://linkedin.com/in/mateo-haddad-721
Talia,Silva,,,Account Executive,"Fairbank Group",
Ruben,Duarte,ruben.duarte@fairbank.example,+1 555 0119,Account Executive,"Fairbank Group",
Marc,Lindqvist,marc.lindqvist@merrow.example,,Head of Sales,"Merrow Analytics",
Talia,Kaur,talia.kaur@acme.example,,,"Acme, Inc",https://linkedin.com/in/talia-kaur-725
Omar,Sorensen,,,,"Ridgeline Software",
Clara,Tanaka,clara.tanaka@merrow.example,+1 555 0151,,"Merrow Analytics",
Marc,Novak,,,Director of Demand Gen,"Pine & Rowe",https://linkedin.com/in/marc-novak-728
Clara,Sorensen,clara.sorensen@vertex.example,,,"Vertex Retail",
Priya,Lindqvist,,,,"Halcyon Freight",
Leila,Reyes,,,,"Ridgeline Software",
Hugo,Adeyemi,,,,"Northwind Trading",
Theo,Castellano,,,,"Acme, Inc",
Ava,Haddad,ava.haddad@pine.example,,Customer Success Lead,"Pine & Rowe",
Theo,Sorensen,,,,"Pine & Rowe",
Lena,Kovac,lena.kovac@pine.example,,VP Marketing,"Pine & Rowe",
Sven,Feld,sven.feld@blue.example,+1 555 0130,,"Blue Harbor Labs",
Ethan,Okafor,ethan.okafor@vertex.example,+1 555 0187,Head of Sales,"Vertex Retail",https://linkedin.com/in/ethan-okafor-739
Kwame,Haddad,kwame.haddad@merrow.example,,Head of Sales,"Merrow Analytics",
Jonas,Silva,jonas.silva@pine.example,+1 555 0151,Customer Success Lead,"Pine & Rowe",https://linkedin.com/in/jonas-silva-741
Amara,Kaur,amara.kaur@northwind.example,+1 555 0137,Customer Success Lead,"Northwind Trading",
Mateo,Sorensen,mateo.sorensen@blue.example,+1 555 0143,Customer Success Lead,"Blue Harbor Labs",
Priya,Kovac,,+1 555 0169,SDR,"Merrow Analytics",https://linkedin.com/in/priya-kovac-744
Leila,Ellis,leila.ellis@halcyon.example,,SDR,"Halcyon Freight",
Ruben,Ibrahim,ruben.ibrahim@vertex.example,,Founder,"Vertex Retail",
Priya,Kovac,priya.kovac@pine.example,+1 555 0111,,"Pine & Rowe",
Maya,Marchetti,maya.marchetti@pine.example,+1 555 0124,,"Pine & Rowe",
Sven,Kovac,sven.kovac@fairbank.example,+1 555 0141,RevOps Manager,"Fairbank Group",https://linkedin.com/in/sven-kovac-751
Liam,Ellis,liam.ellis@acme.example,,,"Acme, Inc",https://linkedin.com/in/liam-ellis-752
Mia,Nowak,mia.nowak@vertex.example,+1 555 0181,,"Vertex Retail",https://linkedin.com/in/mia-nowak-753
Clara,Okafor,clara.okafor@acme.example,,Partnerships Manager,"Acme, Inc",
Priya,Sandoval,,,SDR,"Fairbank Group",https://linkedin.com/in/priya-sandoval-755
Ethan,Osei,ethan.osei@cobalt.example,+1 555 0135,SDR,"Cobalt Health",https://linkedin.com/in/ethan-osei-756
Jonas,Vance,jonas.vance@fairbank.example,,,"Fairbank Group",
Viktor,Bianchi,viktor.bianchi@northwind.example,+1 555 0134,Partnerships Manager,"Northwind Trading",https://linkedin.com/in/viktor-bianchi-758
Elif,Moreau,,,Founder,"Acme, Inc",https://linkedin.com/in/elif-moreau-759
Diego,Sorensen,,,SDR,"Ridgeline Software",https://linkedin.com/in/diego-sorensen-760
Tomas,Ferreira,tomas.ferreira@acme.example,,SDR,"Acme, Inc",https://linkedin.com/in/tomas-ferreira-761
Bruno,Moreau,bruno.moreau@blue.example,+1 555 0159,Account Executive,"Blue Harbor Labs",https://linkedin.com/in/bruno-moreau-763
Jonas,Lambert,jonas.lambert@pine.example,,,"Pine & Rowe",
Bruno,Bergman,bruno.bergman@cobalt.example,+1 555 0189,,"Cobalt Health",
Ruben,Bergman,ruben.bergman@cobalt.example,,,"Cobalt Health",https://linkedin.com/in/ruben-bergman-767
Ethan,Ellis,ethan.ellis@acme.example,,VP Marketing,"Acme, Inc",https://linkedin.com/in/ethan-ellis-768
Marc,Whitfield,,+1 555 0104,Director of Demand Gen,"Merrow Analytics",
Leila,Lambert,,,,"Halcyon Freight",
Elif,Bianchi,elif.bianchi@blue.example,,,"Blue Harbor Labs",https://linkedin.com/in/elif-bianchi-771
Clara,Bianchi,clara.bianchi@ridgeline.example,+1 555 0140,,"Ridgeline Software",
Tomas,Ferreira,tomas.ferreira@northwind.example,+1 555 0183,Customer Success Lead,"Northwind Trading",https://linkedin.com/in/tomas-ferreira-773
Clara,Reyes,,,Founder,"Northwind Trading",
Nora,Whitfield,nora.whitfield@vertex.example,+1 555 0100,RevOps Manager,"Vertex Retail",
Iris,Bennett,iris.bennett@acme.example,,,"Acme, Inc",https://linkedin.com/in/iris-bennett-776
Mia,Sandoval,mia.sandoval@acme.example,+1 555 0170,Customer Success Lead,"Acme, Inc",https://linkedin.com/in/mia-sandoval-777
Elsa,Tanaka,elsa.tanaka@halcyon.example,+1 555 0166,RevOps Manager,"Halcyon Freight",https://linkedin.com/in/elsa-tanaka-778
Tomas,Silva,tomas.silva@northwind.example,+1 555 0131,,"Northwind Trading",https://linkedin.com/in/tomas-silva-779
Leila,Silva,leila.silva@blue.example,,Director of Demand Gen,"Blue Harbor Labs",https://linkedin.com/in/leila-silva-780
Marc,Ellis,,,RevOps Manager,"Northwind Trading",
Nora,Ibrahim,nora.ibrahim@vertex.example,,Head of Sales,"Vertex Retail",https://linkedin.com/in/nora-ibrahim-782
Liam,Bennett,liam.bennett@cobalt.example,+1 555 0141,Customer Success Lead,"Cobalt Health",https://linkedin.com/in/liam-bennett-783
Kian,Castellano,kian.castellano@halcyon.example,+1 555 0104,RevOps Manager,"Halcyon Freight",
Nina,Bennett,,,RevOps Manager,"Pine & Rowe",https://linkedin.com/in/nina-bennett-785
Jonas,Kovac,jonas.kovac@fairbank.example,+1 555 0184,RevOps Manager,"Fairbank Group",
Idris,Adeyemi,idris.adeyemi@halcyon.example,,,"Halcyon Freight",https://linkedin.com/in/idris-adeyemi-787
Amara,Castellano,amara.castellano@northwind.example,,,"Northwind Trading",
Maya,Sorensen,maya.sorensen@halcyon.example,,Customer Success Lead,"Halcyon Freight",
Talia,Tanaka,talia.tanaka@blue.example,,VP Marketing,"Blue Harbor Labs",https://linkedin.com/in/talia-tanaka-790
Noah,Feld,noah.feld@fairbank.example,,VP Marketing,"Fairbank Group",https://linkedin.com/in/noah-feld-791
Rania,Rossi,rania.rossi@blue.example,,Head of Sales,"Blue Harbor Labs",
Amara,Bergman,amara.bergman@pine.example,,,"Pine & Rowe",https://linkedin.com/in/amara-bergman-793
Bruno,Ferreira,bruno.ferreira@ridgeline.example,+1 555 0164,Head of Sales,"Ridgeline Software",
Sven,Nowak,sven.nowak@cobalt.example,,Partnerships Manager,"Cobalt Health",https://linkedin.com/in/sven-nowak-795
Jamal,Vance,,,Customer Success Lead,"Merrow Analytics",
Ava,Feld,ava.feld@northwind.example,,Head of Sales,"Northwind Trading",
Sven,Haddad,sven.haddad@merrow.example,,Director of Demand Gen,"Merrow Analytics",
Kian,Lambert,kian.lambert@merrow.example,,SDR,"Merrow Analytics",
Elsa,Kovac,elsa.kovac@northwind.example,+1 555 0178,Founder,"Northwind Trading",https://linkedin.com/in/elsa-kovac-800
Zoe,Marchetti,zoe.marchetti@pine.example,,Partnerships Manager,"Pine & Rowe",
Talia,Osei,talia.osei@pine.example,+1 555 0122,Director of Demand Gen,"Pine & Rowe",
Priya,Osei,priya.osei@ridgeline.example,,Founder,"Ridgeline Software",https://linkedin.com/in/priya-osei-803
Amara,Marchetti,,+1 555 0112,,"Ridgeline Software",
Diego,Osei,,,,"Acme, Inc",
Talia,Whitfield,talia.whitfield@pine.example,,Customer Success Lead,"Pine & Rowe",
Ethan,Duarte,ethan.duarte@northwind.example,+1 555 0194,,"Northwind Trading",https://linkedin.com/in/ethan-duarte-807
Elif,Kovac,elif.kovac@blue.example,,,"Blue Harbor Labs",
Elsa,Feld,elsa.feld@merrow.example,,Customer Success Lead,"Merrow Analytics",https://linkedin.com/in/elsa-feld-809
Rania,Ellis,rania.ellis@cobalt.example,,,"Cobalt Health",
Ethan,Novak,ethan.novak@fairbank.example,,VP Marketing,"Fairbank Group",
Priya,Ibrahim,priya.ibrahim@merrow.example,,,"Merrow Analytics",https://linkedin.com/in/priya-ibrahim-812
Clara,Feld,,,,"Fairbank Group",https://linkedin.com/in/clara-feld-813
Talia,Lindqvist,talia.lindqvist@northwind.example,,Director of Demand Gen,"Northwind Trading",https://linkedin.com/in/talia-lindqvist-814
Noah,Nyberg,noah.nyberg@vertex.example,,,"Vertex Retail",
Theo,Vance,theo.vance@merrow.example,,,"Merrow Analytics",https://linkedin.com/in/theo-vance-816
Liam,Silva,liam.silva@pine.example,,RevOps Manager,"Pine & Rowe",
Marc,Bianchi,marc.bianchi@acme.example,+1 555 0152,,"Acme, Inc",https://linkedin.com/in/marc-bianchi-818
Mateo,Rossi,,+1 555 0108,Account Executive,"Merrow Analytics",https://linkedin.com/in/mateo-rossi-819
Mateo,Lambert,mateo.lambert@halcyon.example,+1 555 0114,Head of Sales,"Halcyon Freight",https://linkedin.com/in/mateo-lambert-820
Ruben,Reyes,ruben.reyes@halcyon.example,+1 555 0108,VP Marketing,"Halcyon Freight",https://linkedin.com/in/ruben-reyes-821
Sven,Whitfield,sven.whitfield@cobalt.example,,Partnerships Manager,"Cobalt Health",https://linkedin.com/in/sven-whitfield-822
Ruben,Ferreira,ruben.ferreira@halcyon.example,+1 555 0130,,"Halcyon Freight",
Diego,Ellis,diego.ellis@cobalt.example,+1 555 0154,Customer Success Lead,"Cobalt Health",https://linkedin.com/in/diego-ellis-824
Marc,Adeyemi,marc.adeyemi@cobalt.example,,Customer Success Lead,"Cobalt Health",
Omar,Whitfield,omar.whitfield@merrow.example,,,"Merrow Analytics",
Ava,Sandoval,,,Customer Success Lead,"Fairbank Group",
Lena,Rossi,,,,"Pine & Rowe",https://linkedin.com/in/lena-rossi-828
Zoe,Vance,zoe.vance@fairbank.example,,,"Fairbank Group",
Elsa,Rossi,elsa.rossi@cobalt.example,,VP Marketing,"Cobalt Health",
Ava,Bennett,ava.bennett@northwind.example,,Head of Sales,"Northwind Trading",
Ava,Bennett,ava.bennett@northwind.example,+1 555 0142,Head of Sales,"Northwind Trading",
Omar,Silva,,,Founder,"Pine & Rowe",
Omar,Silva,,+1 555 0177,Founder,"Pine & Rowe",
